#iteration,nb_arbre,nb_arbre_en_feu,nb_predator,nb_infected_predator,nb_mutated_predator,nb_healed_predator,nb_prey,nb_infected_prey,nb_mutated_prey,is_raining
0,650,175,100,0,0,0,100,35,0,0
1,650,175,100,6,0,0,85,29,1,0
2,650,175,100,7,0,0,82,28,1,0
3,650,175,100,8,0,0,80,27,2,0
4,650,175,100,8,0,0,79,27,2,0
5,650,175,100,8,0,0,79,27,2,0
6,650,175,100,9,0,0,76,26,2,0
7,650,175,100,9,0,0,77,26,3,0
8,650,175,100,9,0,0,78,26,4,0
9,650,175,100,9,0,0,75,26,5,0
10,650,175,100,10,0,0,74,25,7,0
11,650,175,100,10,0,0,74,25,8,0
12,650,175,100,11,0,0,74,24,7,0
13,650,175,100,11,0,0,74,24,7,0
14,650,175,99,10,0,0,74,24,7,0
15,650,175,99,11,0,0,73,23,8,0
16,650,437,99,12,0,0,72,23,7,0
17,650,574,99,12,0,0,73,23,7,0
18,650,574,99,12,0,0,72,23,7,0
19,650,574,98,11,0,0,73,23,7,0
20,650,574,98,12,0,0,71,22,9,0
21,650,574,98,13,0,0,69,22,9,0
22,650,574,98,14,0,0,68,22,10,0
23,650,574,98,15,0,0,67,22,11,0
24,650,574,98,16,0,0,68,22,11,0
25,650,574,98,16,0,0,69,22,13,0
26,650,574,98,17,0,0,69,22,14,0
27,650,574,97,16,0,0,68,22,14,0
28,650,574,97,16,0,0,68,22,15,0
29,650,574,96,17,0,0,65,21,14,0
30,650,574,96,17,0,0,65,21,14,0
31,650,574,95,17,0,0,65,21,13,0
32,650,603,95,17,0,0,65,21,14,0
33,650,637,95,17,0,0,64,21,14,0
34,650,639,94,16,0,0,65,21,14,0
35,650,639,94,16,0,0,65,21,14,0
36,650,639,94,16,0,0,64,20,14,0
37,650,639,94,17,0,0,64,20,16,0
38,650,639,93,18,0,0,63,19,15,0
39,650,639,92,18,0,0,63,19,17,0
40,650,639,91,19,0,0,63,19,17,0
41,650,639,91,19,0,0,63,19,17,0
42,650,639,89,17,0,0,64,19,17,0
43,650,639,89,18,0,0,64,19,18,0
44,650,639,89,18,0,0,64,19,18,0
45,650,639,88,17,0,0,64,19,18,0
46,650,639,88,17,0,0,64,19,18,0
47,650,639,88,17,0,0,64,19,18,0
48,650,639,88,17,0,0,64,19,18,0
49,650,646,87,16,0,0,64,19,18,0
50,650,647,87,16,0,0,65,19,19,0
51,650,647,86,15,0,0,65,19,19,0
52,650,647,85,14,0,0,65,19,19,0
53,650,647,85,14,0,0,65,19,19,0
54,475,472,85,15,0,0,63,19,19,0
55,475,472,83,15,0,0,62,18,17,0
56,475,472,83,16,0,0,62,18,18,0
57,475,472,82,15,0,0,63,18,18,0
58,475,472,80,14,0,0,62,17,18,0
59,475,472,80,15,0,0,62,17,18,0
60,475,472,79,14,0,0,62,17,19,0
61,475,472,78,13,0,0,62,17,19,0
62,475,472,78,14,0,0,61,17,18,0
63,475,472,78,14,0,0,61,17,19,0
64,475,472,78,14,0,0,61,17,19,0
65,475,472,78,14,0,0,61,17,19,0
66,475,472,78,14,0,0,62,17,20,0
67,475,472,78,15,0,0,60,17,20,0
68,475,472,78,16,0,0,60,16,20,0
69,475,472,78,16,0,0,58,15,19,0
70,213,210,78,17,0,0,57,15,19,0
71,76,73,78,18,0,0,56,15,18,0
72,76,73,78,18,0,0,56,15,18,0
73,76,73,78,18,0,0,56,15,18,0
74,76,73,78,20,0,0,55,14,17,0
75,76,73,76,20,0,0,51,14,16,0
76,76,73,86,20,0,2,52,14,16,0
77,76,73,85,19,0,2,52,14,16,0
78,76,73,84,20,0,2,53,14,16,0
79,76,73,84,20,0,2,53,14,17,0
80,76,73,83,20,0,2,53,14,17,0
81,76,73,82,19,0,2,52,14,17,0
82,76,73,80,18,0,2,52,14,17,0
83,76,73,79,17,0,2,52,14,18,0
84,76,73,79,17,0,2,52,14,18,0
85,76,73,78,20,0,2,51,14,17,0
86,47,44,77,19,0,2,48,13,17,0
87,11,8,77,20,0,2,46,12,17,0
88,11,8,77,20,0,2,46,12,18,0
89,11,8,76,19,0,2,46,12,18,0
90,11,8,76,20,0,2,43,12,18,0
91,11,8,75,19,0,2,43,12,18,0
92,11,8,75,22,0,2,42,11,18,0
93,11,8,75,22,0,2,42,11,18,0
94,11,8,74,22,0,2,40,10,18,0
95,11,8,74,21,0,3,38,10,18,0
96,11,8,74,22,0,3,37,10,18,0
97,11,8,73,22,0,3,36,9,18,0
98,11,8,73,21,0,4,35,9,17,0
99,11,8,73,23,0,4,32,8,15,0
100,11,8,73,23,0,4,30,8,14,0
101,11,8,72,21,0,5,30,8,14,0
102,11,8,72,22,0,5,29,7,14,0
103,4,1,72,23,0,5,24,4,12,0
104,3,0,71,21,1,6,24,4,12,0
105,3,0,71,23,1,6,24,4,12,0
106,3,0,70,23,1,6,24,4,12,0
107,3,0,69,23,1,6,22,4,11,0
108,3,0,68,22,1,6,22,4,11,0
109,3,0,68,22,1,6,22,4,12,0
110,3,0,68,23,1,6,22,4,12,0
111,3,0,68,24,1,6,21,3,10,0
112,3,0,67,23,1,6,21,3,10,0
113,3,0,71,21,1,7,21,3,10,0
114,3,0,71,21,1,7,21,3,10,0
115,3,0,69,20,1,7,21,3,10,0
116,3,0,69,20,1,7,21,3,10,0
117,3,0,69,20,1,7,21,3,10,0
118,3,0,69,20,1,7,21,3,10,0
119,3,0,67,19,1,7,21,3,10,0
120,3,0,67,20,1,7,21,3,10,0
121,3,0,67,20,1,7,21,3,10,0
122,3,0,67,20,1,7,21,3,10,0
123,3,0,66,19,1,7,21,3,10,0
124,3,0,66,19,1,7,21,3,10,0
125,3,0,66,19,1,7,21,3,10,0
126,3,0,66,19,1,7,20,3,10,0
127,3,0,66,19,1,7,21,3,12,0
128,3,0,65,19,1,7,21,3,12,0
129,3,0,65,19,1,7,20,3,12,0
130,3,0,64,18,1,7,20,3,12,0
131,3,0,63,17,1,7,20,3,12,1
132,3,0,62,17,1,7,20,3,12,1
133,3,0,62,17,1,7,20,3,12,1
